{"cameraMode":{"drawMode":0,"name":"Shaded","section":"Shading Mode"},"sceneLighting":true,"audioPlay":false,"sceneViewState":{"showFog":true,"showMaterialUpdate":false,"showSkybox":false,"showFlares":true,"showImageEffects":true,"showParticleSystems":true},"in2DMode":false,"pivot":{"x":0.0002358555793762207,"y":0.36799997091293337,"z":-0.029759883880615236},"rotation":{"x":-0.10965846478939057,"y":0.6732999682426453,"z":-0.10197263956069946,"w":-0.7240471839904785},"size":6.473016262054443,"orthographic":false}