{"cameraMode":{"drawMode":0,"name":"Shaded","section":"Shading Mode"},"sceneLighting":true,"audioPlay":false,"sceneViewState":{"showFog":true,"showMaterialUpdate":true,"showSkybox":true,"showFlares":true,"showImageEffects":true,"showParticleSystems":true},"in2DMode":false,"pivot":{"x":1149.0274658203125,"y":492.461669921875,"z":-328.25189208984377},"rotation":{"x":-0.14646463096141816,"y":-0.32962867617607119,"z":0.05184251070022583,"w":-0.9312419295310974},"size":129.19090270996095,"orthographic":false}