{"cameraMode":{"drawMode":0,"name":"Shaded","section":"Shading Mode"},"sceneLighting":false,"audioPlay":false,"sceneViewState":{"showFog":true,"showMaterialUpdate":false,"showSkybox":false,"showFlares":true,"showImageEffects":true,"showParticleSystems":true},"in2DMode":false,"pivot":{"x":-11.193635940551758,"y":5.390096664428711,"z":-42.41457748413086},"rotation":{"x":-0.5284084677696228,"y":-0.20492565631866456,"z":0.13318322598934174,"w":-0.813052773475647},"size":4.720752239227295,"orthographic":false}